number,name,startTime,endTime,isDaytime,temperature,temperatureUnit,temperatureTrend,probabilityOfPrecipitation,dewpoint,relativeHumidity,windSpeed,windDirection,icon,shortForecast,detailedForecast
1,,2024-02-07T22:00:00-05:00,2024-02-07T23:00:00-05:00,False,33,F,,"{'unitCode': 'wmoUnit:percent', 'value': 1}","{'unitCode': 'wmoUnit:degC', 'value': -2.7777777777777777}","{'unitCode': 'wmoUnit:percent', 'value': 78}",5 mph,N,"https://api.weather.gov/icons/land/night/bkn,1?size=small",Mostly Cloudy,
2,,2024-02-07T23:00:00-05:00,2024-02-08T00:00:00-05:00,False,32,F,,"{'unitCode': 'wmoUnit:percent', 'value': 1}","{'unitCode': 'wmoUnit:degC', 'value': -2.7777777777777777}","{'unitCode': 'wmoUnit:percent', 'value': 81}",3 mph,N,"https://api.weather.gov/icons/land/night/bkn,1?size=small",Mostly Cloudy,
3,,2024-02-08T00:00:00-05:00,2024-02-08T01:00:00-05:00,False,32,F,,"{'unitCode': 'wmoUnit:percent', 'value': 1}","{'unitCode': 'wmoUnit:degC', 'value': -3.3333333333333335}","{'unitCode': 'wmoUnit:percent', 'value': 78}",3 mph,NW,"https://api.weather.gov/icons/land/night/bkn,1?size=small",Mostly Cloudy,
4,,2024-02-08T01:00:00-05:00,2024-02-08T02:00:00-05:00,False,31,F,,"{'unitCode': 'wmoUnit:percent', 'value': 1}","{'unitCode': 'wmoUnit:degC', 'value': -3.3333333333333335}","{'unitCode': 'wmoUnit:percent', 'value': 81}",3 mph,NW,"https://api.weather.gov/icons/land/night/bkn,1?size=small",Mostly Cloudy,
5,,2024-02-08T02:00:00-05:00,2024-02-08T03:00:00-05:00,False,31,F,,"{'unitCode': 'wmoUnit:percent', 'value': 1}","{'unitCode': 'wmoUnit:degC', 'value': -3.3333333333333335}","{'unitCode': 'wmoUnit:percent', 'value': 81}",3 mph,NW,"https://api.weather.gov/icons/land/night/bkn,1?size=small",Mostly Cloudy,
6,,2024-02-08T03:00:00-05:00,2024-02-08T04:00:00-05:00,False,30,F,,"{'unitCode': 'wmoUnit:percent', 'value': 2}","{'unitCode': 'wmoUnit:degC', 'value': -3.3333333333333335}","{'unitCode': 'wmoUnit:percent', 'value': 85}",3 mph,NW,"https://api.weather.gov/icons/land/night/bkn,2?size=small",Mostly Cloudy,
7,,2024-02-08T04:00:00-05:00,2024-02-08T05:00:00-05:00,False,30,F,,"{'unitCode': 'wmoUnit:percent', 'value': 2}","{'unitCode': 'wmoUnit:degC', 'value': -3.3333333333333335}","{'unitCode': 'wmoUnit:percent', 'value': 85}",3 mph,NW,"https://api.weather.gov/icons/land/night/bkn,2?size=small",Mostly Cloudy,
8,,2024-02-08T05:00:00-05:00,2024-02-08T06:00:00-05:00,False,30,F,,"{'unitCode': 'wmoUnit:percent', 'value': 2}","{'unitCode': 'wmoUnit:degC', 'value': -3.3333333333333335}","{'unitCode': 'wmoUnit:percent', 'value': 85}",2 mph,NW,"https://api.weather.gov/icons/land/night/bkn,2?size=small",Mostly Cloudy,
9,,2024-02-08T06:00:00-05:00,2024-02-08T07:00:00-05:00,True,29,F,,"{'unitCode': 'wmoUnit:percent', 'value': 2}","{'unitCode': 'wmoUnit:degC', 'value': -3.888888888888889}","{'unitCode': 'wmoUnit:percent', 'value': 85}",2 mph,NW,"https://api.weather.gov/icons/land/day/bkn,2?size=small",Partly Sunny,
10,,2024-02-08T07:00:00-05:00,2024-02-08T08:00:00-05:00,True,29,F,,"{'unitCode': 'wmoUnit:percent', 'value': 1}","{'unitCode': 'wmoUnit:degC', 'value': -3.888888888888889}","{'unitCode': 'wmoUnit:percent', 'value': 85}",2 mph,NW,"https://api.weather.gov/icons/land/day/bkn,1?size=small",Partly Sunny,
11,,2024-02-08T08:00:00-05:00,2024-02-08T09:00:00-05:00,True,31,F,,"{'unitCode': 'wmoUnit:percent', 'value': 2}","{'unitCode': 'wmoUnit:degC', 'value': -3.3333333333333335}","{'unitCode': 'wmoUnit:percent', 'value': 81}",3 mph,NW,"https://api.weather.gov/icons/land/day/sct,2?size=small",Mostly Sunny,
12,,2024-02-08T09:00:00-05:00,2024-02-08T10:00:00-05:00,True,33,F,,"{'unitCode': 'wmoUnit:percent', 'value': 2}","{'unitCode': 'wmoUnit:degC', 'value': -2.7777777777777777}","{'unitCode': 'wmoUnit:percent', 'value': 78}",5 mph,N,"https://api.weather.gov/icons/land/day/few,2?size=small",Sunny,
13,,2024-02-08T10:00:00-05:00,2024-02-08T11:00:00-05:00,True,36,F,,"{'unitCode': 'wmoUnit:percent', 'value': 2}","{'unitCode': 'wmoUnit:degC', 'value': -2.7777777777777777}","{'unitCode': 'wmoUnit:percent', 'value': 69}",5 mph,N,"https://api.weather.gov/icons/land/day/sct,2?size=small",Mostly Sunny,
14,,2024-02-08T11:00:00-05:00,2024-02-08T12:00:00-05:00,True,38,F,,"{'unitCode': 'wmoUnit:percent', 'value': 1}","{'unitCode': 'wmoUnit:degC', 'value': -2.2222222222222223}","{'unitCode': 'wmoUnit:percent', 'value': 67}",5 mph,NE,"https://api.weather.gov/icons/land/day/sct,1?size=small",Mostly Sunny,
15,,2024-02-08T12:00:00-05:00,2024-02-08T13:00:00-05:00,True,39,F,,"{'unitCode': 'wmoUnit:percent', 'value': 1}","{'unitCode': 'wmoUnit:degC', 'value': -2.2222222222222223}","{'unitCode': 'wmoUnit:percent', 'value': 64}",5 mph,E,"https://api.weather.gov/icons/land/day/few,1?size=small",Sunny,
16,,2024-02-08T13:00:00-05:00,2024-02-08T14:00:00-05:00,True,41,F,,"{'unitCode': 'wmoUnit:percent', 'value': 1}","{'unitCode': 'wmoUnit:degC', 'value': -2.2222222222222223}","{'unitCode': 'wmoUnit:percent', 'value': 59}",5 mph,E,"https://api.weather.gov/icons/land/day/sct,1?size=small",Mostly Sunny,
17,,2024-02-08T14:00:00-05:00,2024-02-08T15:00:00-05:00,True,41,F,,"{'unitCode': 'wmoUnit:percent', 'value': 1}","{'unitCode': 'wmoUnit:degC', 'value': -2.2222222222222223}","{'unitCode': 'wmoUnit:percent', 'value': 59}",6 mph,E,"https://api.weather.gov/icons/land/day/few,1?size=small",Sunny,
18,,2024-02-08T15:00:00-05:00,2024-02-08T16:00:00-05:00,True,41,F,,"{'unitCode': 'wmoUnit:percent', 'value': 1}","{'unitCode': 'wmoUnit:degC', 'value': -1.6666666666666667}","{'unitCode': 'wmoUnit:percent', 'value': 62}",6 mph,E,"https://api.weather.gov/icons/land/day/few,1?size=small",Sunny,
19,,2024-02-08T16:00:00-05:00,2024-02-08T17:00:00-05:00,True,40,F,,"{'unitCode': 'wmoUnit:percent', 'value': 1}","{'unitCode': 'wmoUnit:degC', 'value': -1.6666666666666667}","{'unitCode': 'wmoUnit:percent', 'value': 64}",6 mph,E,"https://api.weather.gov/icons/land/day/few,1?size=small",Sunny,
20,,2024-02-08T17:00:00-05:00,2024-02-08T18:00:00-05:00,True,38,F,,"{'unitCode': 'wmoUnit:percent', 'value': 1}","{'unitCode': 'wmoUnit:degC', 'value': -1.6666666666666667}","{'unitCode': 'wmoUnit:percent', 'value': 70}",6 mph,E,"https://api.weather.gov/icons/land/day/few,1?size=small",Sunny,
21,,2024-02-08T18:00:00-05:00,2024-02-08T19:00:00-05:00,False,37,F,,"{'unitCode': 'wmoUnit:percent', 'value': 1}","{'unitCode': 'wmoUnit:degC', 'value': -1.1111111111111112}","{'unitCode': 'wmoUnit:percent', 'value': 75}",6 mph,E,"https://api.weather.gov/icons/land/night/few,1?size=small",Mostly Clear,
22,,2024-02-08T19:00:00-05:00,2024-02-08T20:00:00-05:00,False,36,F,,"{'unitCode': 'wmoUnit:percent', 'value': 1}","{'unitCode': 'wmoUnit:degC', 'value': -1.6666666666666667}","{'unitCode': 'wmoUnit:percent', 'value': 78}",6 mph,SE,"https://api.weather.gov/icons/land/night/few,1?size=small",Mostly Clear,
23,,2024-02-08T20:00:00-05:00,2024-02-08T21:00:00-05:00,False,36,F,,"{'unitCode': 'wmoUnit:percent', 'value': 2}","{'unitCode': 'wmoUnit:degC', 'value': -1.6666666666666667}","{'unitCode': 'wmoUnit:percent', 'value': 82}",6 mph,SE,"https://api.weather.gov/icons/land/night/few,2?size=small",Mostly Clear,
24,,2024-02-08T21:00:00-05:00,2024-02-08T22:00:00-05:00,False,35,F,,"{'unitCode': 'wmoUnit:percent', 'value': 2}","{'unitCode': 'wmoUnit:degC', 'value': -1.6666666666666667}","{'unitCode': 'wmoUnit:percent', 'value': 85}",6 mph,SE,"https://api.weather.gov/icons/land/night/few,2?size=small",Mostly Clear,
25,,2024-02-08T22:00:00-05:00,2024-02-08T23:00:00-05:00,False,34,F,,"{'unitCode': 'wmoUnit:percent', 'value': 2}","{'unitCode': 'wmoUnit:degC', 'value': -1.6666666666666667}","{'unitCode': 'wmoUnit:percent', 'value': 85}",6 mph,S,"https://api.weather.gov/icons/land/night/few,2?size=small",Mostly Clear,
26,,2024-02-08T23:00:00-05:00,2024-02-09T00:00:00-05:00,False,34,F,,"{'unitCode': 'wmoUnit:percent', 'value': 0}","{'unitCode': 'wmoUnit:degC', 'value': -1.6666666666666667}","{'unitCode': 'wmoUnit:percent', 'value': 85}",6 mph,S,"https://api.weather.gov/icons/land/night/sct,0?size=small",Partly Cloudy,
27,,2024-02-09T00:00:00-05:00,2024-02-09T01:00:00-05:00,False,33,F,,"{'unitCode': 'wmoUnit:percent', 'value': 0}","{'unitCode': 'wmoUnit:degC', 'value': -2.2222222222222223}","{'unitCode': 'wmoUnit:percent', 'value': 85}",6 mph,S,"https://api.weather.gov/icons/land/night/sct,0?size=small",Partly Cloudy,
28,,2024-02-09T01:00:00-05:00,2024-02-09T02:00:00-05:00,False,33,F,,"{'unitCode': 'wmoUnit:percent', 'value': 0}","{'unitCode': 'wmoUnit:degC', 'value': -2.2222222222222223}","{'unitCode': 'wmoUnit:percent', 'value': 85}",6 mph,S,"https://api.weather.gov/icons/land/night/bkn,0?size=small",Mostly Cloudy,
29,,2024-02-09T02:00:00-05:00,2024-02-09T03:00:00-05:00,False,32,F,,"{'unitCode': 'wmoUnit:percent', 'value': 0}","{'unitCode': 'wmoUnit:degC', 'value': -2.2222222222222223}","{'unitCode': 'wmoUnit:percent', 'value': 85}",6 mph,S,"https://api.weather.gov/icons/land/night/bkn,0?size=small",Mostly Cloudy,
30,,2024-02-09T03:00:00-05:00,2024-02-09T04:00:00-05:00,False,32,F,,"{'unitCode': 'wmoUnit:percent', 'value': 0}","{'unitCode': 'wmoUnit:degC', 'value': -1.6666666666666667}","{'unitCode': 'wmoUnit:percent', 'value': 92}",6 mph,S,"https://api.weather.gov/icons/land/night/bkn,0?size=small",Mostly Cloudy,
31,,2024-02-09T04:00:00-05:00,2024-02-09T05:00:00-05:00,False,32,F,,"{'unitCode': 'wmoUnit:percent', 'value': 0}","{'unitCode': 'wmoUnit:degC', 'value': -1.6666666666666667}","{'unitCode': 'wmoUnit:percent', 'value': 92}",6 mph,S,"https://api.weather.gov/icons/land/night/ovc,0?size=small",Cloudy,
32,,2024-02-09T05:00:00-05:00,2024-02-09T06:00:00-05:00,False,33,F,,"{'unitCode': 'wmoUnit:percent', 'value': 0}","{'unitCode': 'wmoUnit:degC', 'value': -1.6666666666666667}","{'unitCode': 'wmoUnit:percent', 'value': 92}",6 mph,S,"https://api.weather.gov/icons/land/night/ovc,0?size=small",Cloudy,
33,,2024-02-09T06:00:00-05:00,2024-02-09T07:00:00-05:00,True,33,F,,"{'unitCode': 'wmoUnit:percent', 'value': 0}","{'unitCode': 'wmoUnit:degC', 'value': -1.1111111111111112}","{'unitCode': 'wmoUnit:percent', 'value': 92}",7 mph,S,"https://api.weather.gov/icons/land/day/ovc,0?size=small",Cloudy,
34,,2024-02-09T07:00:00-05:00,2024-02-09T08:00:00-05:00,True,34,F,,"{'unitCode': 'wmoUnit:percent', 'value': 2}","{'unitCode': 'wmoUnit:degC', 'value': -1.1111111111111112}","{'unitCode': 'wmoUnit:percent', 'value': 85}",7 mph,S,"https://api.weather.gov/icons/land/day/bkn,2?size=small",Mostly Cloudy,
35,,2024-02-09T08:00:00-05:00,2024-02-09T09:00:00-05:00,True,35,F,,"{'unitCode': 'wmoUnit:percent', 'value': 1}","{'unitCode': 'wmoUnit:degC', 'value': -0.5555555555555556}","{'unitCode': 'wmoUnit:percent', 'value': 85}",8 mph,S,"https://api.weather.gov/icons/land/day/bkn,1?size=small",Mostly Cloudy,
36,,2024-02-09T09:00:00-05:00,2024-02-09T10:00:00-05:00,True,36,F,,"{'unitCode': 'wmoUnit:percent', 'value': 1}","{'unitCode': 'wmoUnit:degC', 'value': 0}","{'unitCode': 'wmoUnit:percent', 'value': 85}",9 mph,S,"https://api.weather.gov/icons/land/day/bkn,1?size=small",Mostly Cloudy,
37,,2024-02-09T10:00:00-05:00,2024-02-09T11:00:00-05:00,True,38,F,,"{'unitCode': 'wmoUnit:percent', 'value': 0}","{'unitCode': 'wmoUnit:degC', 'value': 0.5555555555555556}","{'unitCode': 'wmoUnit:percent', 'value': 82}",10 mph,S,"https://api.weather.gov/icons/land/day/bkn,0?size=small",Mostly Cloudy,
38,,2024-02-09T11:00:00-05:00,2024-02-09T12:00:00-05:00,True,42,F,,"{'unitCode': 'wmoUnit:percent', 'value': 0}","{'unitCode': 'wmoUnit:degC', 'value': 1.1111111111111112}","{'unitCode': 'wmoUnit:percent', 'value': 73}",10 mph,S,"https://api.weather.gov/icons/land/day/bkn,0?size=small",Partly Sunny,
39,,2024-02-09T12:00:00-05:00,2024-02-09T13:00:00-05:00,True,45,F,,"{'unitCode': 'wmoUnit:percent', 'value': 1}","{'unitCode': 'wmoUnit:degC', 'value': 1.1111111111111112}","{'unitCode': 'wmoUnit:percent', 'value': 65}",12 mph,S,"https://api.weather.gov/icons/land/day/bkn,1?size=small",Partly Sunny,
40,,2024-02-09T13:00:00-05:00,2024-02-09T14:00:00-05:00,True,48,F,,"{'unitCode': 'wmoUnit:percent', 'value': 1}","{'unitCode': 'wmoUnit:degC', 'value': 1.6666666666666667}","{'unitCode': 'wmoUnit:percent', 'value': 60}",12 mph,S,"https://api.weather.gov/icons/land/day/sct,1?size=small",Mostly Sunny,
41,,2024-02-09T14:00:00-05:00,2024-02-09T15:00:00-05:00,True,49,F,,"{'unitCode': 'wmoUnit:percent', 'value': 2}","{'unitCode': 'wmoUnit:degC', 'value': 1.6666666666666667}","{'unitCode': 'wmoUnit:percent', 'value': 58}",12 mph,S,"https://api.weather.gov/icons/land/day/sct,2?size=small",Mostly Sunny,
42,,2024-02-09T15:00:00-05:00,2024-02-09T16:00:00-05:00,True,48,F,,"{'unitCode': 'wmoUnit:percent', 'value': 2}","{'unitCode': 'wmoUnit:degC', 'value': 1.6666666666666667}","{'unitCode': 'wmoUnit:percent', 'value': 60}",12 mph,S,"https://api.weather.gov/icons/land/day/sct,2?size=small",Mostly Sunny,
43,,2024-02-09T16:00:00-05:00,2024-02-09T17:00:00-05:00,True,47,F,,"{'unitCode': 'wmoUnit:percent', 'value': 3}","{'unitCode': 'wmoUnit:degC', 'value': 1.6666666666666667}","{'unitCode': 'wmoUnit:percent', 'value': 63}",12 mph,S,"https://api.weather.gov/icons/land/day/sct,3?size=small",Mostly Sunny,
44,,2024-02-09T17:00:00-05:00,2024-02-09T18:00:00-05:00,True,45,F,,"{'unitCode': 'wmoUnit:percent', 'value': 3}","{'unitCode': 'wmoUnit:degC', 'value': 2.2222222222222223}","{'unitCode': 'wmoUnit:percent', 'value': 70}",12 mph,S,"https://api.weather.gov/icons/land/day/sct,3?size=small",Mostly Sunny,
45,,2024-02-09T18:00:00-05:00,2024-02-09T19:00:00-05:00,False,44,F,,"{'unitCode': 'wmoUnit:percent', 'value': 4}","{'unitCode': 'wmoUnit:degC', 'value': 2.2222222222222223}","{'unitCode': 'wmoUnit:percent', 'value': 73}",10 mph,S,"https://api.weather.gov/icons/land/night/sct,4?size=small",Partly Cloudy,
46,,2024-02-09T19:00:00-05:00,2024-02-09T20:00:00-05:00,False,43,F,,"{'unitCode': 'wmoUnit:percent', 'value': 4}","{'unitCode': 'wmoUnit:degC', 'value': 2.2222222222222223}","{'unitCode': 'wmoUnit:percent', 'value': 76}",10 mph,S,"https://api.weather.gov/icons/land/night/sct,4?size=small",Partly Cloudy,
47,,2024-02-09T20:00:00-05:00,2024-02-09T21:00:00-05:00,False,42,F,,"{'unitCode': 'wmoUnit:percent', 'value': 5}","{'unitCode': 'wmoUnit:degC', 'value': 2.2222222222222223}","{'unitCode': 'wmoUnit:percent', 'value': 79}",10 mph,SW,"https://api.weather.gov/icons/land/night/sct,5?size=small",Partly Cloudy,
48,,2024-02-09T21:00:00-05:00,2024-02-09T22:00:00-05:00,False,41,F,,"{'unitCode': 'wmoUnit:percent', 'value': 5}","{'unitCode': 'wmoUnit:degC', 'value': 2.7777777777777777}","{'unitCode': 'wmoUnit:percent', 'value': 85}",9 mph,SW,"https://api.weather.gov/icons/land/night/bkn,5?size=small",Mostly Cloudy,
49,,2024-02-09T22:00:00-05:00,2024-02-09T23:00:00-05:00,False,41,F,,"{'unitCode': 'wmoUnit:percent', 'value': 5}","{'unitCode': 'wmoUnit:degC', 'value': 2.7777777777777777}","{'unitCode': 'wmoUnit:percent', 'value': 85}",9 mph,SW,"https://api.weather.gov/icons/land/night/bkn,5?size=small",Mostly Cloudy,
50,,2024-02-09T23:00:00-05:00,2024-02-10T00:00:00-05:00,False,40,F,,"{'unitCode': 'wmoUnit:percent', 'value': 5}","{'unitCode': 'wmoUnit:degC', 'value': 2.7777777777777777}","{'unitCode': 'wmoUnit:percent', 'value': 89}",8 mph,SW,"https://api.weather.gov/icons/land/night/bkn,5?size=small",Mostly Cloudy,
51,,2024-02-10T00:00:00-05:00,2024-02-10T01:00:00-05:00,False,40,F,,"{'unitCode': 'wmoUnit:percent', 'value': 4}","{'unitCode': 'wmoUnit:degC', 'value': 2.7777777777777777}","{'unitCode': 'wmoUnit:percent', 'value': 89}",8 mph,SW,"https://api.weather.gov/icons/land/night/bkn,4?size=small",Mostly Cloudy,
52,,2024-02-10T01:00:00-05:00,2024-02-10T02:00:00-05:00,False,39,F,,"{'unitCode': 'wmoUnit:percent', 'value': 4}","{'unitCode': 'wmoUnit:degC', 'value': 2.7777777777777777}","{'unitCode': 'wmoUnit:percent', 'value': 92}",7 mph,SW,"https://api.weather.gov/icons/land/night/bkn,4?size=small",Mostly Cloudy,
53,,2024-02-10T02:00:00-05:00,2024-02-10T03:00:00-05:00,False,39,F,,"{'unitCode': 'wmoUnit:percent', 'value': 4}","{'unitCode': 'wmoUnit:degC', 'value': 2.7777777777777777}","{'unitCode': 'wmoUnit:percent', 'value': 92}",7 mph,SW,"https://api.weather.gov/icons/land/night/bkn,4?size=small",Mostly Cloudy,
54,,2024-02-10T03:00:00-05:00,2024-02-10T04:00:00-05:00,False,39,F,,"{'unitCode': 'wmoUnit:percent', 'value': 3}","{'unitCode': 'wmoUnit:degC', 'value': 2.7777777777777777}","{'unitCode': 'wmoUnit:percent', 'value': 92}",7 mph,SW,"https://api.weather.gov/icons/land/night/bkn,3?size=small",Mostly Cloudy,
55,,2024-02-10T04:00:00-05:00,2024-02-10T05:00:00-05:00,False,39,F,,"{'unitCode': 'wmoUnit:percent', 'value': 3}","{'unitCode': 'wmoUnit:degC', 'value': 2.7777777777777777}","{'unitCode': 'wmoUnit:percent', 'value': 92}",7 mph,SW,"https://api.weather.gov/icons/land/night/bkn,3?size=small",Mostly Cloudy,
56,,2024-02-10T05:00:00-05:00,2024-02-10T06:00:00-05:00,False,39,F,,"{'unitCode': 'wmoUnit:percent', 'value': 3}","{'unitCode': 'wmoUnit:degC', 'value': 2.7777777777777777}","{'unitCode': 'wmoUnit:percent', 'value': 92}",7 mph,SW,"https://api.weather.gov/icons/land/night/bkn,3?size=small",Mostly Cloudy,
57,,2024-02-10T06:00:00-05:00,2024-02-10T07:00:00-05:00,True,39,F,,"{'unitCode': 'wmoUnit:percent', 'value': 3}","{'unitCode': 'wmoUnit:degC', 'value': 2.7777777777777777}","{'unitCode': 'wmoUnit:percent', 'value': 92}",8 mph,SW,"https://api.weather.gov/icons/land/day/bkn,3?size=small",Partly Sunny,
58,,2024-02-10T07:00:00-05:00,2024-02-10T08:00:00-05:00,True,39,F,,"{'unitCode': 'wmoUnit:percent', 'value': 3}","{'unitCode': 'wmoUnit:degC', 'value': 3.3333333333333335}","{'unitCode': 'wmoUnit:percent', 'value': 96}",8 mph,SW,"https://api.weather.gov/icons/land/day/bkn,3?size=small",Partly Sunny,
59,,2024-02-10T08:00:00-05:00,2024-02-10T09:00:00-05:00,True,41,F,,"{'unitCode': 'wmoUnit:percent', 'value': 2}","{'unitCode': 'wmoUnit:degC', 'value': 3.888888888888889}","{'unitCode': 'wmoUnit:percent', 'value': 92}",9 mph,SW,"https://api.weather.gov/icons/land/day/bkn,2?size=small",Partly Sunny,
60,,2024-02-10T09:00:00-05:00,2024-02-10T10:00:00-05:00,True,43,F,,"{'unitCode': 'wmoUnit:percent', 'value': 2}","{'unitCode': 'wmoUnit:degC', 'value': 4.444444444444445}","{'unitCode': 'wmoUnit:percent', 'value': 89}",9 mph,SW,"https://api.weather.gov/icons/land/day/bkn,2?size=small",Partly Sunny,
61,,2024-02-10T10:00:00-05:00,2024-02-10T11:00:00-05:00,True,47,F,,"{'unitCode': 'wmoUnit:percent', 'value': 1}","{'unitCode': 'wmoUnit:degC', 'value': 5}","{'unitCode': 'wmoUnit:percent', 'value': 79}",10 mph,SW,"https://api.weather.gov/icons/land/day/bkn,1?size=small",Partly Sunny,
62,,2024-02-10T11:00:00-05:00,2024-02-10T12:00:00-05:00,True,51,F,,"{'unitCode': 'wmoUnit:percent', 'value': 7}","{'unitCode': 'wmoUnit:degC', 'value': 5.555555555555555}","{'unitCode': 'wmoUnit:percent', 'value': 71}",12 mph,SW,"https://api.weather.gov/icons/land/day/bkn,7?size=small",Partly Sunny,
63,,2024-02-10T12:00:00-05:00,2024-02-10T13:00:00-05:00,True,56,F,,"{'unitCode': 'wmoUnit:percent', 'value': 12}","{'unitCode': 'wmoUnit:degC', 'value': 6.111111111111111}","{'unitCode': 'wmoUnit:percent', 'value': 62}",13 mph,SW,"https://api.weather.gov/icons/land/day/bkn,12?size=small",Partly Sunny,
64,,2024-02-10T13:00:00-05:00,2024-02-10T14:00:00-05:00,True,59,F,,"{'unitCode': 'wmoUnit:percent', 'value': 18}","{'unitCode': 'wmoUnit:degC', 'value': 6.111111111111111}","{'unitCode': 'wmoUnit:percent', 'value': 55}",14 mph,SW,"https://api.weather.gov/icons/land/day/rain_showers,18?size=small",Slight Chance Rain Showers,
65,,2024-02-10T14:00:00-05:00,2024-02-10T15:00:00-05:00,True,59,F,,"{'unitCode': 'wmoUnit:percent', 'value': 21}","{'unitCode': 'wmoUnit:degC', 'value': 6.111111111111111}","{'unitCode': 'wmoUnit:percent', 'value': 55}",14 mph,SW,"https://api.weather.gov/icons/land/day/rain_showers,21?size=small",Slight Chance Rain Showers,
66,,2024-02-10T15:00:00-05:00,2024-02-10T16:00:00-05:00,True,58,F,,"{'unitCode': 'wmoUnit:percent', 'value': 23}","{'unitCode': 'wmoUnit:degC', 'value': 6.666666666666667}","{'unitCode': 'wmoUnit:percent', 'value': 59}",14 mph,SW,"https://api.weather.gov/icons/land/day/rain_showers,23?size=small",Slight Chance Rain Showers,
67,,2024-02-10T16:00:00-05:00,2024-02-10T17:00:00-05:00,True,56,F,,"{'unitCode': 'wmoUnit:percent', 'value': 26}","{'unitCode': 'wmoUnit:degC', 'value': 6.666666666666667}","{'unitCode': 'wmoUnit:percent', 'value': 64}",14 mph,SW,"https://api.weather.gov/icons/land/day/rain_showers,26?size=small",Chance Rain Showers,
68,,2024-02-10T17:00:00-05:00,2024-02-10T18:00:00-05:00,True,54,F,,"{'unitCode': 'wmoUnit:percent', 'value': 28}","{'unitCode': 'wmoUnit:degC', 'value': 6.666666666666667}","{'unitCode': 'wmoUnit:percent', 'value': 69}",14 mph,SW,"https://api.weather.gov/icons/land/day/rain_showers,28?size=small",Chance Rain Showers,
69,,2024-02-10T18:00:00-05:00,2024-02-10T19:00:00-05:00,False,52,F,,"{'unitCode': 'wmoUnit:percent', 'value': 31}","{'unitCode': 'wmoUnit:degC', 'value': 6.666666666666667}","{'unitCode': 'wmoUnit:percent', 'value': 74}",15 mph,SW,"https://api.weather.gov/icons/land/night/rain_showers,31?size=small",Chance Rain Showers,
70,,2024-02-10T19:00:00-05:00,2024-02-10T20:00:00-05:00,False,51,F,,"{'unitCode': 'wmoUnit:percent', 'value': 33}","{'unitCode': 'wmoUnit:degC', 'value': 6.111111111111111}","{'unitCode': 'wmoUnit:percent', 'value': 74}",15 mph,SW,"https://api.weather.gov/icons/land/night/rain_showers,33?size=small",Chance Rain Showers,
71,,2024-02-10T20:00:00-05:00,2024-02-10T21:00:00-05:00,False,50,F,,"{'unitCode': 'wmoUnit:percent', 'value': 30}","{'unitCode': 'wmoUnit:degC', 'value': 6.666666666666667}","{'unitCode': 'wmoUnit:percent', 'value': 80}",15 mph,SW,"https://api.weather.gov/icons/land/night/rain_showers,30?size=small",Chance Rain Showers,
72,,2024-02-10T21:00:00-05:00,2024-02-10T22:00:00-05:00,False,49,F,,"{'unitCode': 'wmoUnit:percent', 'value': 26}","{'unitCode': 'wmoUnit:degC', 'value': 6.666666666666667}","{'unitCode': 'wmoUnit:percent', 'value': 83}",14 mph,SW,"https://api.weather.gov/icons/land/night/rain_showers,26?size=small",Chance Rain Showers,
73,,2024-02-10T22:00:00-05:00,2024-02-10T23:00:00-05:00,False,49,F,,"{'unitCode': 'wmoUnit:percent', 'value': 23}","{'unitCode': 'wmoUnit:degC', 'value': 6.666666666666667}","{'unitCode': 'wmoUnit:percent', 'value': 83}",14 mph,SW,"https://api.weather.gov/icons/land/night/rain_showers,23?size=small",Slight Chance Rain Showers,
74,,2024-02-10T23:00:00-05:00,2024-02-11T00:00:00-05:00,False,49,F,,"{'unitCode': 'wmoUnit:percent', 'value': 19}","{'unitCode': 'wmoUnit:degC', 'value': 6.666666666666667}","{'unitCode': 'wmoUnit:percent', 'value': 83}",14 mph,SW,"https://api.weather.gov/icons/land/night/rain_showers,19?size=small",Slight Chance Rain Showers,
75,,2024-02-11T00:00:00-05:00,2024-02-11T01:00:00-05:00,False,49,F,,"{'unitCode': 'wmoUnit:percent', 'value': 16}","{'unitCode': 'wmoUnit:degC', 'value': 6.111111111111111}","{'unitCode': 'wmoUnit:percent', 'value': 80}",13 mph,W,"https://api.weather.gov/icons/land/night/rain_showers,16?size=small",Slight Chance Rain Showers,
76,,2024-02-11T01:00:00-05:00,2024-02-11T02:00:00-05:00,False,48,F,,"{'unitCode': 'wmoUnit:percent', 'value': 12}","{'unitCode': 'wmoUnit:degC', 'value': 6.111111111111111}","{'unitCode': 'wmoUnit:percent', 'value': 83}",13 mph,W,"https://api.weather.gov/icons/land/night/bkn,12?size=small",Mostly Cloudy,
77,,2024-02-11T02:00:00-05:00,2024-02-11T03:00:00-05:00,False,46,F,,"{'unitCode': 'wmoUnit:percent', 'value': 10}","{'unitCode': 'wmoUnit:degC', 'value': 5.555555555555555}","{'unitCode': 'wmoUnit:percent', 'value': 86}",13 mph,W,"https://api.weather.gov/icons/land/night/bkn,10?size=small",Mostly Cloudy,
78,,2024-02-11T03:00:00-05:00,2024-02-11T04:00:00-05:00,False,45,F,,"{'unitCode': 'wmoUnit:percent', 'value': 7}","{'unitCode': 'wmoUnit:degC', 'value': 5}","{'unitCode': 'wmoUnit:percent', 'value': 86}",13 mph,W,"https://api.weather.gov/icons/land/night/bkn,7?size=small",Mostly Cloudy,
79,,2024-02-11T04:00:00-05:00,2024-02-11T05:00:00-05:00,False,43,F,,"{'unitCode': 'wmoUnit:percent', 'value': 4}","{'unitCode': 'wmoUnit:degC', 'value': 5}","{'unitCode': 'wmoUnit:percent', 'value': 93}",13 mph,W,"https://api.weather.gov/icons/land/night/bkn,4?size=small",Mostly Cloudy,
80,,2024-02-11T05:00:00-05:00,2024-02-11T06:00:00-05:00,False,42,F,,"{'unitCode': 'wmoUnit:percent', 'value': 4}","{'unitCode': 'wmoUnit:degC', 'value': 4.444444444444445}","{'unitCode': 'wmoUnit:percent', 'value': 93}",13 mph,W,"https://api.weather.gov/icons/land/night/bkn,4?size=small",Mostly Cloudy,
81,,2024-02-11T06:00:00-05:00,2024-02-11T07:00:00-05:00,True,41,F,,"{'unitCode': 'wmoUnit:percent', 'value': 3}","{'unitCode': 'wmoUnit:degC', 'value': 3.888888888888889}","{'unitCode': 'wmoUnit:percent', 'value': 92}",14 mph,W,"https://api.weather.gov/icons/land/day/bkn,3?size=small",Partly Sunny,
82,,2024-02-11T07:00:00-05:00,2024-02-11T08:00:00-05:00,True,41,F,,"{'unitCode': 'wmoUnit:percent', 'value': 3}","{'unitCode': 'wmoUnit:degC', 'value': 3.3333333333333335}","{'unitCode': 'wmoUnit:percent', 'value': 89}",14 mph,W,"https://api.weather.gov/icons/land/day/bkn,3?size=small",Partly Sunny,
83,,2024-02-11T08:00:00-05:00,2024-02-11T09:00:00-05:00,True,42,F,,"{'unitCode': 'wmoUnit:percent', 'value': 3}","{'unitCode': 'wmoUnit:degC', 'value': 2.7777777777777777}","{'unitCode': 'wmoUnit:percent', 'value': 82}",15 mph,W,"https://api.weather.gov/icons/land/day/bkn,3?size=small",Partly Sunny,
84,,2024-02-11T09:00:00-05:00,2024-02-11T10:00:00-05:00,True,44,F,,"{'unitCode': 'wmoUnit:percent', 'value': 3}","{'unitCode': 'wmoUnit:degC', 'value': 2.2222222222222223}","{'unitCode': 'wmoUnit:percent', 'value': 73}",15 mph,W,"https://api.weather.gov/icons/land/day/sct,3?size=small",Mostly Sunny,
85,,2024-02-11T10:00:00-05:00,2024-02-11T11:00:00-05:00,True,46,F,,"{'unitCode': 'wmoUnit:percent', 'value': 2}","{'unitCode': 'wmoUnit:degC', 'value': 2.2222222222222223}","{'unitCode': 'wmoUnit:percent', 'value': 68}",16 mph,W,"https://api.weather.gov/icons/land/day/sct,2?size=small",Mostly Sunny,
86,,2024-02-11T11:00:00-05:00,2024-02-11T12:00:00-05:00,True,48,F,,"{'unitCode': 'wmoUnit:percent', 'value': 2}","{'unitCode': 'wmoUnit:degC', 'value': 1.6666666666666667}","{'unitCode': 'wmoUnit:percent', 'value': 60}",16 mph,W,"https://api.weather.gov/icons/land/day/sct,2?size=small",Mostly Sunny,
87,,2024-02-11T12:00:00-05:00,2024-02-11T13:00:00-05:00,True,49,F,,"{'unitCode': 'wmoUnit:percent', 'value': 1}","{'unitCode': 'wmoUnit:degC', 'value': 1.1111111111111112}","{'unitCode': 'wmoUnit:percent', 'value': 56}",16 mph,W,"https://api.weather.gov/icons/land/day/sct,1?size=small",Mostly Sunny,
88,,2024-02-11T13:00:00-05:00,2024-02-11T14:00:00-05:00,True,51,F,,"{'unitCode': 'wmoUnit:percent', 'value': 1}","{'unitCode': 'wmoUnit:degC', 'value': 1.1111111111111112}","{'unitCode': 'wmoUnit:percent', 'value': 52}",16 mph,W,"https://api.weather.gov/icons/land/day/sct,1?size=small",Mostly Sunny,
89,,2024-02-11T14:00:00-05:00,2024-02-11T15:00:00-05:00,True,50,F,,"{'unitCode': 'wmoUnit:percent', 'value': 1}","{'unitCode': 'wmoUnit:degC', 'value': 0.5555555555555556}","{'unitCode': 'wmoUnit:percent', 'value': 52}",16 mph,W,"https://api.weather.gov/icons/land/day/sct,1?size=small",Mostly Sunny,
90,,2024-02-11T15:00:00-05:00,2024-02-11T16:00:00-05:00,True,50,F,,"{'unitCode': 'wmoUnit:percent', 'value': 0}","{'unitCode': 'wmoUnit:degC', 'value': 0.5555555555555556}","{'unitCode': 'wmoUnit:percent', 'value': 52}",15 mph,W,"https://api.weather.gov/icons/land/day/sct,0?size=small",Mostly Sunny,
91,,2024-02-11T16:00:00-05:00,2024-02-11T17:00:00-05:00,True,48,F,,"{'unitCode': 'wmoUnit:percent', 'value': 0}","{'unitCode': 'wmoUnit:degC', 'value': 0}","{'unitCode': 'wmoUnit:percent', 'value': 54}",15 mph,W,"https://api.weather.gov/icons/land/day/sct,0?size=small",Mostly Sunny,
92,,2024-02-11T17:00:00-05:00,2024-02-11T18:00:00-05:00,True,46,F,,"{'unitCode': 'wmoUnit:percent', 'value': 0}","{'unitCode': 'wmoUnit:degC', 'value': 0}","{'unitCode': 'wmoUnit:percent', 'value': 58}",15 mph,W,"https://api.weather.gov/icons/land/day/sct,0?size=small",Mostly Sunny,
93,,2024-02-11T18:00:00-05:00,2024-02-11T19:00:00-05:00,False,44,F,,"{'unitCode': 'wmoUnit:percent', 'value': 0}","{'unitCode': 'wmoUnit:degC', 'value': -0.5555555555555556}","{'unitCode': 'wmoUnit:percent', 'value': 60}",14 mph,W,"https://api.weather.gov/icons/land/night/sct,0?size=small",Partly Cloudy,
94,,2024-02-11T19:00:00-05:00,2024-02-11T20:00:00-05:00,False,42,F,,"{'unitCode': 'wmoUnit:percent', 'value': 0}","{'unitCode': 'wmoUnit:degC', 'value': -1.1111111111111112}","{'unitCode': 'wmoUnit:percent', 'value': 62}",14 mph,W,"https://api.weather.gov/icons/land/night/sct,0?size=small",Partly Cloudy,
95,,2024-02-11T20:00:00-05:00,2024-02-11T21:00:00-05:00,False,40,F,,"{'unitCode': 'wmoUnit:percent', 'value': 0}","{'unitCode': 'wmoUnit:degC', 'value': -1.1111111111111112}","{'unitCode': 'wmoUnit:percent', 'value': 67}",14 mph,W,"https://api.weather.gov/icons/land/night/sct,0?size=small",Partly Cloudy,
96,,2024-02-11T21:00:00-05:00,2024-02-11T22:00:00-05:00,False,39,F,,"{'unitCode': 'wmoUnit:percent', 'value': 0}","{'unitCode': 'wmoUnit:degC', 'value': -1.6666666666666667}","{'unitCode': 'wmoUnit:percent', 'value': 67}",13 mph,W,"https://api.weather.gov/icons/land/night/sct,0?size=small",Partly Cloudy,
97,,2024-02-11T22:00:00-05:00,2024-02-11T23:00:00-05:00,False,38,F,,"{'unitCode': 'wmoUnit:percent', 'value': 0}","{'unitCode': 'wmoUnit:degC', 'value': -1.6666666666666667}","{'unitCode': 'wmoUnit:percent', 'value': 70}",13 mph,W,"https://api.weather.gov/icons/land/night/sct,0?size=small",Partly Cloudy,
98,,2024-02-11T23:00:00-05:00,2024-02-12T00:00:00-05:00,False,37,F,,"{'unitCode': 'wmoUnit:percent', 'value': 0}","{'unitCode': 'wmoUnit:degC', 'value': -1.6666666666666667}","{'unitCode': 'wmoUnit:percent', 'value': 72}",13 mph,W,"https://api.weather.gov/icons/land/night/sct,0?size=small",Partly Cloudy,
99,,2024-02-12T00:00:00-05:00,2024-02-12T01:00:00-05:00,False,36,F,,"{'unitCode': 'wmoUnit:percent', 'value': 1}","{'unitCode': 'wmoUnit:degC', 'value': -2.2222222222222223}","{'unitCode': 'wmoUnit:percent', 'value': 72}",12 mph,W,"https://api.weather.gov/icons/land/night/sct,1?size=small",Partly Cloudy,
100,,2024-02-12T01:00:00-05:00,2024-02-12T02:00:00-05:00,False,35,F,,"{'unitCode': 'wmoUnit:percent', 'value': 1}","{'unitCode': 'wmoUnit:degC', 'value': -2.7777777777777777}","{'unitCode': 'wmoUnit:percent', 'value': 72}",12 mph,W,"https://api.weather.gov/icons/land/night/sct,1?size=small",Partly Cloudy,
101,,2024-02-12T02:00:00-05:00,2024-02-12T03:00:00-05:00,False,34,F,,"{'unitCode': 'wmoUnit:percent', 'value': 2}","{'unitCode': 'wmoUnit:degC', 'value': -2.7777777777777777}","{'unitCode': 'wmoUnit:percent', 'value': 75}",12 mph,W,"https://api.weather.gov/icons/land/night/sct,2?size=small",Partly Cloudy,
102,,2024-02-12T03:00:00-05:00,2024-02-12T04:00:00-05:00,False,33,F,,"{'unitCode': 'wmoUnit:percent', 'value': 2}","{'unitCode': 'wmoUnit:degC', 'value': -2.2222222222222223}","{'unitCode': 'wmoUnit:percent', 'value': 82}",10 mph,W,"https://api.weather.gov/icons/land/night/sct,2?size=small",Partly Cloudy,
103,,2024-02-12T04:00:00-05:00,2024-02-12T05:00:00-05:00,False,32,F,,"{'unitCode': 'wmoUnit:percent', 'value': 3}","{'unitCode': 'wmoUnit:degC', 'value': -2.2222222222222223}","{'unitCode': 'wmoUnit:percent', 'value': 85}",10 mph,W,"https://api.weather.gov/icons/land/night/sct,3?size=small",Partly Cloudy,
104,,2024-02-12T05:00:00-05:00,2024-02-12T06:00:00-05:00,False,32,F,,"{'unitCode': 'wmoUnit:percent', 'value': 3}","{'unitCode': 'wmoUnit:degC', 'value': -2.2222222222222223}","{'unitCode': 'wmoUnit:percent', 'value': 85}",10 mph,W,"https://api.weather.gov/icons/land/night/sct,3?size=small",Partly Cloudy,
105,,2024-02-12T06:00:00-05:00,2024-02-12T07:00:00-05:00,True,32,F,,"{'unitCode': 'wmoUnit:percent', 'value': 4}","{'unitCode': 'wmoUnit:degC', 'value': -2.7777777777777777}","{'unitCode': 'wmoUnit:percent', 'value': 81}",9 mph,W,"https://api.weather.gov/icons/land/day/sct,4?size=small",Mostly Sunny,
106,,2024-02-12T07:00:00-05:00,2024-02-12T08:00:00-05:00,True,33,F,,"{'unitCode': 'wmoUnit:percent', 'value': 4}","{'unitCode': 'wmoUnit:degC', 'value': -2.7777777777777777}","{'unitCode': 'wmoUnit:percent', 'value': 78}",9 mph,W,"https://api.weather.gov/icons/land/day/sct,4?size=small",Mostly Sunny,
107,,2024-02-12T08:00:00-05:00,2024-02-12T09:00:00-05:00,True,34,F,,"{'unitCode': 'wmoUnit:percent', 'value': 6}","{'unitCode': 'wmoUnit:degC', 'value': -2.2222222222222223}","{'unitCode': 'wmoUnit:percent', 'value': 78}",9 mph,W,"https://api.weather.gov/icons/land/day/sct,6?size=small",Mostly Sunny,
108,,2024-02-12T09:00:00-05:00,2024-02-12T10:00:00-05:00,True,37,F,,"{'unitCode': 'wmoUnit:percent', 'value': 7}","{'unitCode': 'wmoUnit:degC', 'value': -2.2222222222222223}","{'unitCode': 'wmoUnit:percent', 'value': 70}",10 mph,W,"https://api.weather.gov/icons/land/day/sct,7?size=small",Mostly Sunny,
109,,2024-02-12T10:00:00-05:00,2024-02-12T11:00:00-05:00,True,39,F,,"{'unitCode': 'wmoUnit:percent', 'value': 9}","{'unitCode': 'wmoUnit:degC', 'value': -2.2222222222222223}","{'unitCode': 'wmoUnit:percent', 'value': 64}",10 mph,W,"https://api.weather.gov/icons/land/day/sct,9?size=small",Mostly Sunny,
110,,2024-02-12T11:00:00-05:00,2024-02-12T12:00:00-05:00,True,41,F,,"{'unitCode': 'wmoUnit:percent', 'value': 11}","{'unitCode': 'wmoUnit:degC', 'value': -2.2222222222222223}","{'unitCode': 'wmoUnit:percent', 'value': 59}",10 mph,W,"https://api.weather.gov/icons/land/day/sct,11?size=small",Mostly Sunny,
111,,2024-02-12T12:00:00-05:00,2024-02-12T13:00:00-05:00,True,43,F,,"{'unitCode': 'wmoUnit:percent', 'value': 12}","{'unitCode': 'wmoUnit:degC', 'value': -2.2222222222222223}","{'unitCode': 'wmoUnit:percent', 'value': 55}",12 mph,W,"https://api.weather.gov/icons/land/day/sct,12?size=small",Mostly Sunny,
112,,2024-02-12T13:00:00-05:00,2024-02-12T14:00:00-05:00,True,44,F,,"{'unitCode': 'wmoUnit:percent', 'value': 14}","{'unitCode': 'wmoUnit:degC', 'value': -2.2222222222222223}","{'unitCode': 'wmoUnit:percent', 'value': 53}",12 mph,W,"https://api.weather.gov/icons/land/day/sct,14?size=small",Mostly Sunny,
113,,2024-02-12T14:00:00-05:00,2024-02-12T15:00:00-05:00,True,45,F,,"{'unitCode': 'wmoUnit:percent', 'value': 15}","{'unitCode': 'wmoUnit:degC', 'value': -2.2222222222222223}","{'unitCode': 'wmoUnit:percent', 'value': 51}",12 mph,W,"https://api.weather.gov/icons/land/day/rain,15?size=small",Slight Chance Light Rain,
114,,2024-02-12T15:00:00-05:00,2024-02-12T16:00:00-05:00,True,45,F,,"{'unitCode': 'wmoUnit:percent', 'value': 16}","{'unitCode': 'wmoUnit:degC', 'value': -1.6666666666666667}","{'unitCode': 'wmoUnit:percent', 'value': 53}",10 mph,W,"https://api.weather.gov/icons/land/day/rain,16?size=small",Slight Chance Light Rain,
115,,2024-02-12T16:00:00-05:00,2024-02-12T17:00:00-05:00,True,45,F,,"{'unitCode': 'wmoUnit:percent', 'value': 17}","{'unitCode': 'wmoUnit:degC', 'value': -1.6666666666666667}","{'unitCode': 'wmoUnit:percent', 'value': 53}",10 mph,W,"https://api.weather.gov/icons/land/day/rain,17?size=small",Slight Chance Light Rain,
116,,2024-02-12T17:00:00-05:00,2024-02-12T18:00:00-05:00,True,44,F,,"{'unitCode': 'wmoUnit:percent', 'value': 17}","{'unitCode': 'wmoUnit:degC', 'value': -1.6666666666666667}","{'unitCode': 'wmoUnit:percent', 'value': 55}",10 mph,W,"https://api.weather.gov/icons/land/day/rain,17?size=small",Slight Chance Light Rain,
117,,2024-02-12T18:00:00-05:00,2024-02-12T19:00:00-05:00,False,42,F,,"{'unitCode': 'wmoUnit:percent', 'value': 18}","{'unitCode': 'wmoUnit:degC', 'value': -1.6666666666666667}","{'unitCode': 'wmoUnit:percent', 'value': 60}",9 mph,NW,"https://api.weather.gov/icons/land/night/rain,18?size=small",Slight Chance Light Rain,
118,,2024-02-12T19:00:00-05:00,2024-02-12T20:00:00-05:00,False,40,F,,"{'unitCode': 'wmoUnit:percent', 'value': 19}","{'unitCode': 'wmoUnit:degC', 'value': -1.6666666666666667}","{'unitCode': 'wmoUnit:percent', 'value': 64}",9 mph,NW,"https://api.weather.gov/icons/land/night/rain,19?size=small",Slight Chance Light Rain,
119,,2024-02-12T20:00:00-05:00,2024-02-12T21:00:00-05:00,False,39,F,,"{'unitCode': 'wmoUnit:percent', 'value': 25}","{'unitCode': 'wmoUnit:degC', 'value': -1.1111111111111112}","{'unitCode': 'wmoUnit:percent', 'value': 70}",9 mph,N,"https://api.weather.gov/icons/land/night/rain,25?size=small",Chance Light Rain,
120,,2024-02-12T21:00:00-05:00,2024-02-12T22:00:00-05:00,False,38,F,,"{'unitCode': 'wmoUnit:percent', 'value': 32}","{'unitCode': 'wmoUnit:degC', 'value': -1.1111111111111112}","{'unitCode': 'wmoUnit:percent', 'value': 73}",10 mph,N,"https://api.weather.gov/icons/land/night/rain,32?size=small",Chance Light Rain,
121,,2024-02-12T22:00:00-05:00,2024-02-12T23:00:00-05:00,False,37,F,,"{'unitCode': 'wmoUnit:percent', 'value': 38}","{'unitCode': 'wmoUnit:degC', 'value': -1.1111111111111112}","{'unitCode': 'wmoUnit:percent', 'value': 75}",10 mph,N,"https://api.weather.gov/icons/land/night/rain,38?size=small",Chance Light Rain,
122,,2024-02-12T23:00:00-05:00,2024-02-13T00:00:00-05:00,False,37,F,,"{'unitCode': 'wmoUnit:percent', 'value': 45}","{'unitCode': 'wmoUnit:degC', 'value': -1.1111111111111112}","{'unitCode': 'wmoUnit:percent', 'value': 75}",10 mph,NE,"https://api.weather.gov/icons/land/night/rain,45?size=small",Chance Light Rain,
123,,2024-02-13T00:00:00-05:00,2024-02-13T01:00:00-05:00,False,36,F,,"{'unitCode': 'wmoUnit:percent', 'value': 51}","{'unitCode': 'wmoUnit:degC', 'value': -1.1111111111111112}","{'unitCode': 'wmoUnit:percent', 'value': 79}",10 mph,NE,"https://api.weather.gov/icons/land/night/rain,51?size=small",Chance Light Rain,
124,,2024-02-13T01:00:00-05:00,2024-02-13T02:00:00-05:00,False,36,F,,"{'unitCode': 'wmoUnit:percent', 'value': 57}","{'unitCode': 'wmoUnit:degC', 'value': -1.1111111111111112}","{'unitCode': 'wmoUnit:percent', 'value': 79}",10 mph,NE,"https://api.weather.gov/icons/land/night/rain,57?size=small",Light Rain Likely,
125,,2024-02-13T02:00:00-05:00,2024-02-13T03:00:00-05:00,False,36,F,,"{'unitCode': 'wmoUnit:percent', 'value': 57}","{'unitCode': 'wmoUnit:degC', 'value': -1.1111111111111112}","{'unitCode': 'wmoUnit:percent', 'value': 79}",12 mph,NE,"https://api.weather.gov/icons/land/night/rain,57?size=small",Light Rain Likely,
126,,2024-02-13T03:00:00-05:00,2024-02-13T04:00:00-05:00,False,35,F,,"{'unitCode': 'wmoUnit:percent', 'value': 57}","{'unitCode': 'wmoUnit:degC', 'value': -0.5555555555555556}","{'unitCode': 'wmoUnit:percent', 'value': 85}",12 mph,NE,"https://api.weather.gov/icons/land/night/rain,57?size=small",Light Rain Likely,
127,,2024-02-13T04:00:00-05:00,2024-02-13T05:00:00-05:00,False,35,F,,"{'unitCode': 'wmoUnit:percent', 'value': 57}","{'unitCode': 'wmoUnit:degC', 'value': -0.5555555555555556}","{'unitCode': 'wmoUnit:percent', 'value': 85}",13 mph,NE,"https://api.weather.gov/icons/land/night/snow,57?size=small",Rain And Snow Likely,
128,,2024-02-13T05:00:00-05:00,2024-02-13T06:00:00-05:00,False,34,F,,"{'unitCode': 'wmoUnit:percent', 'value': 57}","{'unitCode': 'wmoUnit:degC', 'value': -0.5555555555555556}","{'unitCode': 'wmoUnit:percent', 'value': 89}",14 mph,NE,"https://api.weather.gov/icons/land/night/snow,57?size=small",Rain And Snow Likely,
129,,2024-02-13T06:00:00-05:00,2024-02-13T07:00:00-05:00,True,34,F,,"{'unitCode': 'wmoUnit:percent', 'value': 57}","{'unitCode': 'wmoUnit:degC', 'value': -0.5555555555555556}","{'unitCode': 'wmoUnit:percent', 'value': 89}",14 mph,NE,"https://api.weather.gov/icons/land/day/snow,57?size=small",Rain And Snow Likely,
130,,2024-02-13T07:00:00-05:00,2024-02-13T08:00:00-05:00,True,34,F,,"{'unitCode': 'wmoUnit:percent', 'value': 57}","{'unitCode': 'wmoUnit:degC', 'value': -0.5555555555555556}","{'unitCode': 'wmoUnit:percent', 'value': 89}",15 mph,NE,"https://api.weather.gov/icons/land/day/snow,57?size=small",Rain And Snow Likely,
131,,2024-02-13T08:00:00-05:00,2024-02-13T09:00:00-05:00,True,34,F,,"{'unitCode': 'wmoUnit:percent', 'value': 57}","{'unitCode': 'wmoUnit:degC', 'value': -0.5555555555555556}","{'unitCode': 'wmoUnit:percent', 'value': 89}",16 mph,NE,"https://api.weather.gov/icons/land/day/snow,57?size=small",Rain And Snow Likely,
132,,2024-02-13T09:00:00-05:00,2024-02-13T10:00:00-05:00,True,35,F,,"{'unitCode': 'wmoUnit:percent', 'value': 57}","{'unitCode': 'wmoUnit:degC', 'value': -0.5555555555555556}","{'unitCode': 'wmoUnit:percent', 'value': 85}",17 mph,NE,"https://api.weather.gov/icons/land/day/snow,57?size=small",Rain And Snow Likely,
133,,2024-02-13T10:00:00-05:00,2024-02-13T11:00:00-05:00,True,36,F,,"{'unitCode': 'wmoUnit:percent', 'value': 57}","{'unitCode': 'wmoUnit:degC', 'value': -0.5555555555555556}","{'unitCode': 'wmoUnit:percent', 'value': 82}",18 mph,N,"https://api.weather.gov/icons/land/day/snow,57?size=small",Rain And Snow Likely,
134,,2024-02-13T11:00:00-05:00,2024-02-13T12:00:00-05:00,True,37,F,,"{'unitCode': 'wmoUnit:percent', 'value': 57}","{'unitCode': 'wmoUnit:degC', 'value': -1.1111111111111112}","{'unitCode': 'wmoUnit:percent', 'value': 75}",20 mph,N,"https://api.weather.gov/icons/land/day/rain,57?size=small",Light Rain Likely,
135,,2024-02-13T12:00:00-05:00,2024-02-13T13:00:00-05:00,True,38,F,,"{'unitCode': 'wmoUnit:percent', 'value': 57}","{'unitCode': 'wmoUnit:degC', 'value': -1.1111111111111112}","{'unitCode': 'wmoUnit:percent', 'value': 73}",20 mph,N,"https://api.weather.gov/icons/land/day/rain,57?size=small",Light Rain Likely,
136,,2024-02-13T13:00:00-05:00,2024-02-13T14:00:00-05:00,True,38,F,,"{'unitCode': 'wmoUnit:percent', 'value': 57}","{'unitCode': 'wmoUnit:degC', 'value': -1.6666666666666667}","{'unitCode': 'wmoUnit:percent', 'value': 70}",21 mph,N,"https://api.weather.gov/icons/land/day/rain,57?size=small",Light Rain Likely,
137,,2024-02-13T14:00:00-05:00,2024-02-13T15:00:00-05:00,True,38,F,,"{'unitCode': 'wmoUnit:percent', 'value': 57}","{'unitCode': 'wmoUnit:degC', 'value': -1.6666666666666667}","{'unitCode': 'wmoUnit:percent', 'value': 70}",21 mph,N,"https://api.weather.gov/icons/land/day/rain,57?size=small",Light Rain Likely,
138,,2024-02-13T15:00:00-05:00,2024-02-13T16:00:00-05:00,True,38,F,,"{'unitCode': 'wmoUnit:percent', 'value': 57}","{'unitCode': 'wmoUnit:degC', 'value': -2.2222222222222223}","{'unitCode': 'wmoUnit:percent', 'value': 67}",21 mph,N,"https://api.weather.gov/icons/land/day/rain,57?size=small",Light Rain Likely,
139,,2024-02-13T16:00:00-05:00,2024-02-13T17:00:00-05:00,True,37,F,,"{'unitCode': 'wmoUnit:percent', 'value': 57}","{'unitCode': 'wmoUnit:degC', 'value': -2.2222222222222223}","{'unitCode': 'wmoUnit:percent', 'value': 70}",21 mph,N,"https://api.weather.gov/icons/land/day/rain,57?size=small",Light Rain Likely,
140,,2024-02-13T17:00:00-05:00,2024-02-13T18:00:00-05:00,True,36,F,,"{'unitCode': 'wmoUnit:percent', 'value': 47}","{'unitCode': 'wmoUnit:degC', 'value': -2.7777777777777777}","{'unitCode': 'wmoUnit:percent', 'value': 69}",21 mph,N,"https://api.weather.gov/icons/land/day/snow,47?size=small",Chance Light Snow,
141,,2024-02-13T18:00:00-05:00,2024-02-13T19:00:00-05:00,False,35,F,,"{'unitCode': 'wmoUnit:percent', 'value': 37}","{'unitCode': 'wmoUnit:degC', 'value': -3.3333333333333335}","{'unitCode': 'wmoUnit:percent', 'value': 69}",20 mph,NW,"https://api.weather.gov/icons/land/night/snow,37?size=small",Chance Light Snow,
142,,2024-02-13T19:00:00-05:00,2024-02-13T20:00:00-05:00,False,34,F,,"{'unitCode': 'wmoUnit:percent', 'value': 27}","{'unitCode': 'wmoUnit:degC', 'value': -3.888888888888889}","{'unitCode': 'wmoUnit:percent', 'value': 69}",20 mph,NW,"https://api.weather.gov/icons/land/night/snow,27?size=small",Chance Light Snow,
143,,2024-02-13T20:00:00-05:00,2024-02-13T21:00:00-05:00,False,33,F,,"{'unitCode': 'wmoUnit:percent', 'value': 23}","{'unitCode': 'wmoUnit:degC', 'value': -3.888888888888889}","{'unitCode': 'wmoUnit:percent', 'value': 72}",20 mph,NW,"https://api.weather.gov/icons/land/night/snow,23?size=small",Slight Chance Light Snow,
144,,2024-02-13T21:00:00-05:00,2024-02-13T22:00:00-05:00,False,33,F,,"{'unitCode': 'wmoUnit:percent', 'value': 20}","{'unitCode': 'wmoUnit:degC', 'value': -4.444444444444445}","{'unitCode': 'wmoUnit:percent', 'value': 69}",20 mph,NW,"https://api.weather.gov/icons/land/night/snow,20?size=small",Slight Chance Light Snow,
145,,2024-02-13T22:00:00-05:00,2024-02-13T23:00:00-05:00,False,32,F,,"{'unitCode': 'wmoUnit:percent', 'value': 17}","{'unitCode': 'wmoUnit:degC', 'value': -5}","{'unitCode': 'wmoUnit:percent', 'value': 69}",20 mph,NW,"https://api.weather.gov/icons/land/night/snow,17?size=small",Slight Chance Light Snow,
146,,2024-02-13T23:00:00-05:00,2024-02-14T00:00:00-05:00,False,31,F,,"{'unitCode': 'wmoUnit:percent', 'value': 16}","{'unitCode': 'wmoUnit:degC', 'value': -5}","{'unitCode': 'wmoUnit:percent', 'value': 72}",20 mph,NW,"https://api.weather.gov/icons/land/night/snow,16?size=small",Slight Chance Light Snow,
147,,2024-02-14T00:00:00-05:00,2024-02-14T01:00:00-05:00,False,30,F,,"{'unitCode': 'wmoUnit:percent', 'value': 15}","{'unitCode': 'wmoUnit:degC', 'value': -5.555555555555555}","{'unitCode': 'wmoUnit:percent', 'value': 72}",20 mph,NW,"https://api.weather.gov/icons/land/night/snow,15?size=small",Slight Chance Light Snow,
148,,2024-02-14T01:00:00-05:00,2024-02-14T02:00:00-05:00,False,29,F,,"{'unitCode': 'wmoUnit:percent', 'value': 14}","{'unitCode': 'wmoUnit:degC', 'value': -5.555555555555555}","{'unitCode': 'wmoUnit:percent', 'value': 75}",20 mph,NW,"https://api.weather.gov/icons/land/night/sct,14?size=small",Partly Cloudy,
149,,2024-02-14T02:00:00-05:00,2024-02-14T03:00:00-05:00,False,29,F,,"{'unitCode': 'wmoUnit:percent', 'value': 12}","{'unitCode': 'wmoUnit:degC', 'value': -5.555555555555555}","{'unitCode': 'wmoUnit:percent', 'value': 75}",20 mph,NW,"https://api.weather.gov/icons/land/night/sct,12?size=small",Partly Cloudy,
150,,2024-02-14T03:00:00-05:00,2024-02-14T04:00:00-05:00,False,28,F,,"{'unitCode': 'wmoUnit:percent', 'value': 11}","{'unitCode': 'wmoUnit:degC', 'value': -6.111111111111111}","{'unitCode': 'wmoUnit:percent', 'value': 75}",18 mph,NW,"https://api.weather.gov/icons/land/night/sct,11?size=small",Partly Cloudy,
151,,2024-02-14T04:00:00-05:00,2024-02-14T05:00:00-05:00,False,28,F,,"{'unitCode': 'wmoUnit:percent', 'value': 10}","{'unitCode': 'wmoUnit:degC', 'value': -6.111111111111111}","{'unitCode': 'wmoUnit:percent', 'value': 75}",18 mph,NW,"https://api.weather.gov/icons/land/night/sct,10?size=small",Partly Cloudy,
152,,2024-02-14T05:00:00-05:00,2024-02-14T06:00:00-05:00,False,27,F,,"{'unitCode': 'wmoUnit:percent', 'value': 11}","{'unitCode': 'wmoUnit:degC', 'value': -6.111111111111111}","{'unitCode': 'wmoUnit:percent', 'value': 78}",18 mph,NW,"https://api.weather.gov/icons/land/night/sct,11?size=small",Partly Cloudy,
153,,2024-02-14T06:00:00-05:00,2024-02-14T07:00:00-05:00,True,27,F,,"{'unitCode': 'wmoUnit:percent', 'value': 11}","{'unitCode': 'wmoUnit:degC', 'value': -6.666666666666667}","{'unitCode': 'wmoUnit:percent', 'value': 74}",18 mph,W,"https://api.weather.gov/icons/land/day/sct,11?size=small",Mostly Sunny,
154,,2024-02-14T07:00:00-05:00,2024-02-14T08:00:00-05:00,True,27,F,,"{'unitCode': 'wmoUnit:percent', 'value': 11}","{'unitCode': 'wmoUnit:degC', 'value': -6.666666666666667}","{'unitCode': 'wmoUnit:percent', 'value': 74}",18 mph,W,"https://api.weather.gov/icons/land/day/sct,11?size=small",Mostly Sunny,
155,,2024-02-14T08:00:00-05:00,2024-02-14T09:00:00-05:00,True,28,F,,"{'unitCode': 'wmoUnit:percent', 'value': 12}","{'unitCode': 'wmoUnit:degC', 'value': -6.666666666666667}","{'unitCode': 'wmoUnit:percent', 'value': 71}",18 mph,W,"https://api.weather.gov/icons/land/day/sct,12?size=small",Mostly Sunny,
156,,2024-02-14T09:00:00-05:00,2024-02-14T10:00:00-05:00,True,30,F,,"{'unitCode': 'wmoUnit:percent', 'value': 12}","{'unitCode': 'wmoUnit:degC', 'value': -6.111111111111111}","{'unitCode': 'wmoUnit:percent', 'value': 69}",20 mph,W,"https://api.weather.gov/icons/land/day/sct,12?size=small",Mostly Sunny,
